"pro_vax","uuidgens_user"
1,"2e21cd1b-1d25-4705-8a78-888176bac77e"
1,"4095dd9e-c604-4bd6-9ce1-aed85a4d9e57"
1,"f5fa85a0-5a9e-4d85-9964-eb72aef90f86"
1,"93a1a959-d8b3-4021-9243-144c576ac20d"
1,"48b10580-e146-421d-bb46-dc76a493b4c4"
1,"15f96be0-7c4e-4acc-8e40-ba7e24324b3b"
1,"1bd5eb4b-8c85-4da3-9fed-5948ac993bb5"
1,"623ffa2c-5874-43cd-a6e5-3d0f2515ace9"
1,"cd6eff88-98ad-4044-b7b5-2f082d75f3d8"
1,"85b54e0b-ee41-4ff1-8651-2f5a8654b350"
1,"0d828224-a327-4935-aec3-c037144fd95b"
1,"dd934fa0-edbb-4441-acfa-980232143c30"
1,"15f1ea66-dbdf-4076-bb8b-5de629df79a3"
1,"4ac98e18-6a16-437d-9cad-13263cff62d5"
1,"78f5088d-6a64-4cdc-a240-d35b08f6d147"
1,"7a69b230-5cdc-4a4a-974f-43dccc4b980b"
1,"f8fa2e09-97e9-4819-95db-d2f42519981c"
1,"22b6dfc1-8f15-444e-ab33-e10af41773bc"
1,"144e5fee-ae82-4f9a-9127-06725efe228b"
1,"dbba081d-08d3-4e07-863a-3a5e8b8b6eb4"
1,"889988f5-ecef-4907-a28a-3712071ba3d5"
1,"8bfcf52e-06f9-473d-82bf-09b36aa83023"
1,"637824b0-30e2-4079-91fb-62c1e83c1148"
1,"189d637d-0553-4a8f-ba48-4fba7101af46"
1,"ac150e78-59a9-48ca-a012-baa7663dd2d9"
1,"bddb3937-c951-4b98-b707-41c653420504"
1,"d3ada138-5abe-4d0a-9072-1550d52e080e"
1,"d040d041-a5e6-412d-bb99-ede8e48915d8"
1,"1e72b015-dfc5-445e-b1e9-f003a467eb6d"
1,"9077d513-f5c4-4363-a411-12a50f9f34c8"
1,"67d5f3c0-664a-4717-9127-621b6fc97d6f"
1,"fab9c8df-a83e-40b2-b80b-2a6c0430b663"
1,"96fcf5db-a0ec-4fc2-badb-ee8e9f4e4ea5"
1,"53322400-9448-4a54-a5f7-b8566dd1d918"
1,"ba7590cc-8163-4285-a594-9ee7ef48e651"
1,"106b5e1c-6b7f-479e-8d35-72abf8ebcbd9"
1,"fc96e689-1cc6-4e98-8f7f-8988758efee9"
0,"1da290a5-abcd-4665-835d-4d4f4ceb9d1b"
1,"f6e22bac-eb44-4a93-96d2-72eaeec10ea8"
1,"ab764899-be74-43dc-bc8d-3c55634e19bb"
1,"3049df0d-9252-4efd-a722-fa2ee8e12119"
1,"a8e2ec7a-71e0-4acc-a04f-34877fa672c5"
1,"cdc6792d-c633-4fd0-b33b-9017ba641bf7"
1,"3c2ccd0b-ab20-47f5-9d1b-dffa5dbc3851"
1,"d915ac7b-5e5f-43f5-b1ec-4c3191368eab"
1,"783f6954-6c29-4d45-ba44-ca7e63bf5d97"
1,"6c4170b5-46f8-4bda-b42a-3b24749ecf79"
0,"1a9c201c-812f-448a-ae86-8c0b0f67b310"
1,"5e42ac94-080d-48f8-876f-0772c1ad7a24"
1,"e77691d7-c567-43e7-82d2-f2777792d6fd"
1,"542f694e-1feb-40c4-b67f-7e87a3a34862"
1,"a2ffb056-a048-4340-8910-2cd4645f3bc1"
0,"6f9b8623-30e9-4741-b496-3351fb0cbd40"
1,"37cedd25-e4f6-455f-b29c-e7c72dde5cf9"
1,"07e13daf-4a76-4ca5-88c4-4488ff8184fb"
1,"06c27d3f-3ac1-45ef-be46-ac6481207ed3"
1,"488e8ade-4c4b-4f7e-bfb7-9c7790a31c84"
1,"57ee1420-569d-416f-9319-e15c532c6c3f"
1,"c3d9a756-707e-4402-bc68-545404f69315"
1,"02817d97-698e-4f88-8d3b-f7e739f74109"
1,"b5999f23-c6f0-40af-aa3f-bdc47836d289"
1,"8cad375d-eab4-4954-9d55-da6b319027cc"
1,"6875e7ff-e9c9-4420-a506-319532f97b2e"
1,"c7a54382-f888-42be-84a7-c9470b67c618"
1,"49df7ca6-c28b-47ae-bffe-f9c2d5dd18dd"
1,"734e58c7-cdf7-4acb-90c6-dbc5c8c18f87"
1,"d1286167-b3b2-44c6-96b7-74c68758bdd7"
1,"6c7333fa-037f-416c-ba9d-dd3a620dfa70"
1,"b936791d-a948-4c8b-af26-d4013731aaf1"
0,"fa86a7ea-53ca-4ee6-b57a-42064e63b2ed"
1,"829b74b9-fde1-4444-96de-ef5ddf2b347a"
1,"b103fd7e-2cad-4636-aa57-a1fe6f237f02"
1,"52611556-0292-4f74-8bc0-ca663b960dc5"
1,"89305543-f898-4e97-96a5-ce2fe1d9a471"
1,"96c63775-c60a-42d3-8cde-b0e24772573b"
1,"2be46339-e448-49d9-af05-776e0a492d93"
1,"52433560-12cf-48af-aedb-b02eec7d3e03"
1,"d246ea00-887f-4de1-bdfe-08fa43a35dc6"
0,"429c7ae7-53ff-40e9-b88a-3654b9f978ad"
